username,name,email,role,groups
alice.williams,Alice Williams,alice.williams@ua.pt,CONTENT_MANAGER,"group-a,group-b"
bob.miller,Bob Miller,bob.miller@ua.pt,DEFAULT_USER,group-a
carol.jones,Carol Jones,carol.jones@ua.pt,DEFAULT_USER,
david.smith,David Smith,david.smith@ua.pt,DEFAULT_USER,"group-admins,group-a"
